frame,type,left,reference,left_label,reference_label,iou
adasind_167700.jpg,mismatching_attributes,7,8,Truck,Truck,0.915
adasind_167700.jpg,mismatching_label,4,6,Truck,ThreeWheeler,0.894
adasind_167700.jpg,mismatching_label,8,4,Truck,Car,0.831
adasind_167700.jpg,extra_annotation,1,,Bike,,N/A
adasind_167700.jpg,missing_annotation,,9,,Bike,N/A
adasind_199770.jpg,mismatching_label,6,8,Truck,ThreeWheeler,0.905
adasind_199770.jpg,mismatching_attributes,5,2,ThreeWheeler,ThreeWheeler,0.648
adasind_199770.jpg,extra_annotation,1,,Bike,,N/A
adasind_199770.jpg,missing_annotation,,3,,Pedestrian,N/A
adasind_199770.jpg,missing_annotation,,4,,ThreeWheeler,N/A
adasind_199770.jpg,missing_annotation,,5,,Bike,N/A
adasind_199770.jpg,missing_annotation,,6,,Bike,N/A
adasind_199770.jpg,missing_annotation,,7,,Truck,N/A
